run_timestamp,input_article,similar_article_rank,similarity_score,article_url,article_content
2026-01-30 11:01:29," Trump Says 'Hopefully' Won't Need Iran Military ActionAsked if he would have talks with Iran, Trump added, ""I have had and I am planning on it. Yes, we have a lot of very big, very powerful ships sailing to Iran right now, and it would be great if we didn't have to use them."" Agence France-Presse World News Jan 30, 2026 06:55 am IST Published On Jan 30, 2026 06:51 am IST Last Updated On Jan 30, 2026 06:55 am IST Read Time: 1 min Share Twitter WhatsApp FacebookRedditEmail Trump Says 'Hopefully' Won't Need Iran Military Action Trump was talking to reporters at the premiere of a documentary about his wife Show Quick Read Summary is AI-generated, newsroom-reviewed Did our AI summary help? Let us know. Switch To Beeps Mode US President Donald Trump said Thursday he hoped to avoid military action against Iran, saying he planned to have further talks with Tehran on a possible nuclear deal. ""I built (up) the military in my first term, and now we have a group headed out to a place called Iran, and hopefully we won't have to use it,"" Trump told reporters at the premiere of a documentary about his wife, Melania. Asked if he would have talks with Iran, Trump added, ""I have had and I am planning on it. Yes, we have a lot of very big, very powerful ships sailing to Iran right now, and it would be great if we didn't have to use them.""",1,0.2338,https://jewishinsider.com/tag/donald-trump/,"In his richly reported new book,  Hated by All the Right People: Tucker Carlson and the Unraveling of the Conservative Mind , Jason Zengerle tracks the evolution of the mainstream conservative journalist for  The   Weekly Standard , CNN and FOX News into a prominent figure in the far-right media ecosystem whose commentary increasingly descends into open antisemitism. 
 Zengerle, a veteran political reporter, ruminates over Carlson’s troubling transition from magazine writer to cable news pundit to his current position as a widely followed podcast host whose credulous interviews with Nazi sympathizers and Holocaust deniers, among others, have done little to dampen his influence in the MAGA movement he helped build. 
 In a recent interview with  Jewish Insider , Zengerle, whose book will be published Tuesday, warned that Carlson’s efforts to smuggle antisemitic views into mainstream discourse should not be taken lightly. 
 “Tucker has credibility, and he comes across as a credible person,” Zengerle said. “That he’s giving voice to these really pretty fringe and dangerous sentiments is not to be underestimated, because people trust him.” 
 Whether Carlson personally believes the “awful things” he promotes, Zengerle writes in his book, “matters less than that he says them at all, and that millions of people — members of Congress, titans of industry, the president and just everyday Americans — listen to and take their cues from him.” 
 “What matters is that by saying these things, Carlson has finally achieved the fame, power and influence that for so long eluded him,” he adds. 
 Zengerle, 52, was recently hired as a staff writer for  The New Yorker , and has previously contributed to  The New York Times Magazine ,  GQ  and  The New Republic , among other publications. His book on Carlson is his first. 
 Speaking with JI last week, Zengerle discussed Carlson’s professional ascent, his motivations for demonizing Israel and why conservative Jews are so frightened by his pot"
2026-01-30 11:01:29," Trump Says 'Hopefully' Won't Need Iran Military ActionAsked if he would have talks with Iran, Trump added, ""I have had and I am planning on it. Yes, we have a lot of very big, very powerful ships sailing to Iran right now, and it would be great if we didn't have to use them."" Agence France-Presse World News Jan 30, 2026 06:55 am IST Published On Jan 30, 2026 06:51 am IST Last Updated On Jan 30, 2026 06:55 am IST Read Time: 1 min Share Twitter WhatsApp FacebookRedditEmail Trump Says 'Hopefully' Won't Need Iran Military Action Trump was talking to reporters at the premiere of a documentary about his wife Show Quick Read Summary is AI-generated, newsroom-reviewed Did our AI summary help? Let us know. Switch To Beeps Mode US President Donald Trump said Thursday he hoped to avoid military action against Iran, saying he planned to have further talks with Tehran on a possible nuclear deal. ""I built (up) the military in my first term, and now we have a group headed out to a place called Iran, and hopefully we won't have to use it,"" Trump told reporters at the premiere of a documentary about his wife, Melania. Asked if he would have talks with Iran, Trump added, ""I have had and I am planning on it. Yes, we have a lot of very big, very powerful ships sailing to Iran right now, and it would be great if we didn't have to use them.""",2,0.2032,https://truth4freedom.wordpress.com/category/christian-newsblogsarticles-collection/page/24/,"Jan. 25, 2016 
 BLOOMBERG 
 President Obama and House Speaker Ryan may sit down together for a long-anticipated meeting as soon as next week. The two men haven’t spent significant time together since Ryan, a Wisconsin Republican, was sworn in as speaker in October. 
 Last year topped 2014 as the hottest in recorded history, as the El Nino compounded the effects of climate change to wreak havoc on weather patterns around the world, according to the United Nations’ World Meteorological Organization. 
 New York and New Jersey restored transportation services on Sunday and strove to be ready for a near-normal workweek, while Washington struggled to overcome the blizzard that blanketed parts of the Mid-Atlantic region with two feet of snow. Stock, bond, and commodities markets in New York are planning to operate on regular schedules. 
 The odds are “vanishingly small” that recent years of record warmth aren’t due to human emissions of greenhouse gases, researchers in the U.S. and Germany said, adding to pressure on world governments to cut back on fossil fuel use. 
 Morgan Stanley named 156 employees to the title of managing director, five more than last year. Fifty-four percent of those selected for the company’s highest non-executive title work in the investment-banking and trading division. 
 A Thai airline will allow passengers to purchase seats for life-like dolls that their owners treat as real children due to their belief that they possess supernatural powers. 
 The $15 trillion rout in global equity markets since May is reawakening the lure of gold for investors seeking safety. Hedge funds more than doubled their net-long position in bullion last week, just three weeks after they were the most-bearish ever. Investor holdings of gold through exchange-traded products are expanding at the fastest pace in a year, and the value of the ETPs has jumped by $3 billion in 2016. 
 AP Top Stories 
 One man is dead after a Colorado homeowner selling an item on Craigslist was "
2026-01-30 11:01:29," Trump Says 'Hopefully' Won't Need Iran Military ActionAsked if he would have talks with Iran, Trump added, ""I have had and I am planning on it. Yes, we have a lot of very big, very powerful ships sailing to Iran right now, and it would be great if we didn't have to use them."" Agence France-Presse World News Jan 30, 2026 06:55 am IST Published On Jan 30, 2026 06:51 am IST Last Updated On Jan 30, 2026 06:55 am IST Read Time: 1 min Share Twitter WhatsApp FacebookRedditEmail Trump Says 'Hopefully' Won't Need Iran Military Action Trump was talking to reporters at the premiere of a documentary about his wife Show Quick Read Summary is AI-generated, newsroom-reviewed Did our AI summary help? Let us know. Switch To Beeps Mode US President Donald Trump said Thursday he hoped to avoid military action against Iran, saying he planned to have further talks with Tehran on a possible nuclear deal. ""I built (up) the military in my first term, and now we have a group headed out to a place called Iran, and hopefully we won't have to use it,"" Trump told reporters at the premiere of a documentary about his wife, Melania. Asked if he would have talks with Iran, Trump added, ""I have had and I am planning on it. Yes, we have a lot of very big, very powerful ships sailing to Iran right now, and it would be great if we didn't have to use them.""",3,0.1216,https://ufdcimages.uflib.ufl.edu/AA/00/06/85/31/00381/07-03-2020_pdf.txt,"ï»¿
PAGE 1

SUN The DailyCharlotte Â DeSoto Â SarasotaFRIDAY, JULY 3, 2020 | YOURSUN.COM | AN EDITION OF THE SUN | $1.50 705252000258High 91, Low 76 Mostly clear and humid, slight chance of rain SEE PAGE 10BTODAYÂS WEATHER 2016 PULITZER PRIZE WINNER VOL. 128, NO. 185 | $1.50 Charlie on fireworks: Fireworks can be dangerous. Be safe this holiday.INSIDE TODAYBible verse 2A Stocks 9A SPORTS Lottery 8B LOCAL Obituaries 6B Opinion 4-5B Police Beat 2B DAILY BREAK Comics and Puzzles 2-5D Dear Abby 5D Heloise 4D Horoscopes 3D Hugh Downs, longtime TV personality, dies at 99. PAGE 6ANorth Port builder charged with fraud. PAGE 1B By ELAINE ALLENEMRICHENGLEWOOD COMMUNTY EDITORENGLEWOOD Â This year, Florida has a new Âreworks law that allows people to shoot o rockets and Ârecrackers that are illegal most days, but OK on the Fourth of July. But the law doesnÂt apply everywhere. Gov. Ron DeSantis signed a bill from the Florida Legislature this year making it legal for Floridians to set o ÂrealÂ Âreworks on three holidays: Independence Day, New YearÂs Day and New YearÂs Eve. ÂRealÂ Âreworks, which are illegal to shoot o any other day without a permit, include anything that explodes or Âies through the air. In past years, people buying these kinds of Âreworks got around the law by signing a waiver at the Âreworks stand, promising to only use their Âreworks for agricultural purposes Â like scaring o birds Â or for signaling trains. ThereÂs no need for Floridians to play farmer this year, with the new law. And with almost all public Âreworks displays being canceled because of the COVID-19 pandemic, many amateur pyrotechnicians are stocking up with boxes full of rockets and mortars for backyard neighborhood displays. But thereÂs a catch. In Sarasota County and the city of North Port, these Âreworks are not legal, ocials say. There are local ordinances in place that ban them: Shooting o rockets and explosives is illegal in these communities. NORTH PORT ÂBy o"
2026-01-30 11:01:29," Trump Says 'Hopefully' Won't Need Iran Military ActionAsked if he would have talks with Iran, Trump added, ""I have had and I am planning on it. Yes, we have a lot of very big, very powerful ships sailing to Iran right now, and it would be great if we didn't have to use them."" Agence France-Presse World News Jan 30, 2026 06:55 am IST Published On Jan 30, 2026 06:51 am IST Last Updated On Jan 30, 2026 06:55 am IST Read Time: 1 min Share Twitter WhatsApp FacebookRedditEmail Trump Says 'Hopefully' Won't Need Iran Military Action Trump was talking to reporters at the premiere of a documentary about his wife Show Quick Read Summary is AI-generated, newsroom-reviewed Did our AI summary help? Let us know. Switch To Beeps Mode US President Donald Trump said Thursday he hoped to avoid military action against Iran, saying he planned to have further talks with Tehran on a possible nuclear deal. ""I built (up) the military in my first term, and now we have a group headed out to a place called Iran, and hopefully we won't have to use it,"" Trump told reporters at the premiere of a documentary about his wife, Melania. Asked if he would have talks with Iran, Trump added, ""I have had and I am planning on it. Yes, we have a lot of very big, very powerful ships sailing to Iran right now, and it would be great if we didn't have to use them.""",4,0.0916,https://www.scribd.com/document/901933091/The-Economist-9-Aug,"0 ratings 0% found this document useful (0 votes) 473 views 356 pages The Economist 9 Aug Save Save The Economist 9 Aug For Later 0% 0% found this document useful, undefined 0 ratings 0% found this document useful (0 votes) 473 views 356 pages The Economist 9 Aug 0 ratings 0% found this document useful (0 votes) 473 views 356 pages The Economist 9 Aug Go to previous items Go to next items Save The Economist 9 Aug For Later 
 576648e32a3d8b82ca71961b7a986505"
2026-01-30 11:01:29," Trump Says 'Hopefully' Won't Need Iran Military ActionAsked if he would have talks with Iran, Trump added, ""I have had and I am planning on it. Yes, we have a lot of very big, very powerful ships sailing to Iran right now, and it would be great if we didn't have to use them."" Agence France-Presse World News Jan 30, 2026 06:55 am IST Published On Jan 30, 2026 06:51 am IST Last Updated On Jan 30, 2026 06:55 am IST Read Time: 1 min Share Twitter WhatsApp FacebookRedditEmail Trump Says 'Hopefully' Won't Need Iran Military Action Trump was talking to reporters at the premiere of a documentary about his wife Show Quick Read Summary is AI-generated, newsroom-reviewed Did our AI summary help? Let us know. Switch To Beeps Mode US President Donald Trump said Thursday he hoped to avoid military action against Iran, saying he planned to have further talks with Tehran on a possible nuclear deal. ""I built (up) the military in my first term, and now we have a group headed out to a place called Iran, and hopefully we won't have to use it,"" Trump told reporters at the premiere of a documentary about his wife, Melania. Asked if he would have talks with Iran, Trump added, ""I have had and I am planning on it. Yes, we have a lot of very big, very powerful ships sailing to Iran right now, and it would be great if we didn't have to use them.""",5,0.0656,https://archive.org/stream/millsapscollegepurpleandwhite19651966/millsapscollegepurpleandwhite19651966_djvu.txt,"PURPLE & WHITE 



VOLUME 79, NUMBER 1 



MILLSAPS COLLEGE, JACKSON, MISSISSIPPI 



SEPTEMBER 11, 1965 




You've 90+ alof in 6""fe 



ore 



Junior Year Program Attracts Three 



PR RELEASE 

Three Millsaps College stu- 
dents will study in France 
during the coming school 
year under the Junior Year 
Abroad Program of the Insti- 
tute for American Universi- 
ties. 

Scheduled to sail for Le 
Havre, France, on September 
3 were Beverly Jo Hum- 
phries, Cleveland; Julia Grif- 
fith Ward, Jackson; and Ann 
Brittain Merritt, Clarks- 
dale. 

Ninety students from col- 
leges and universities 
throughout the nation sailed 
aboard the SS Nieuw Amster- 
dam on the 3rd. They were 
accompanied by Billy M. Buf- 
kin, associate professor of 
romance languages at Mill- 
saps, and Mr. and Mrs. P. M. 
Lowry, of Memphis. Bufkin 
will return to Jackson on 
September 18 to begin the fall 
semester at Millsaps. Lowry 
will teach at the Institute 
next year. 

The students will be en- 
rolled at the University of Aix 
Marseille, at Aix - en - Pro- 
vence. Academic credit for 
courses completed there 
will be transferred back to 



their home schools. Par- 
ticipants will live with French 
families while pursuing their 
studies at the university. 

The itinerary to Aix pro- 
vides some opportunity for 
sightseeing. The students ar- 
rived in France on Septem- 
ber 10 and will go to Aix on 
the 14th and 15th. Intervening 
time will be spent in planned 
and informal tours. 

The cost of the Junior Year 
Abroad program, including 
transatlantic travel, is about 
equal to that of an average 
American private college or 
university. 

Aix-en-Provence is located 
in southern France, 17 miles 
north of Marseille, near the 
Rhone Valley, and is known 
for its 18th Century monu- 
ments. Opportunity for exten- 
sive travel will be provided 
during the school year. 

Returning to Millsaps this 
fall after a year at the 
French university are Ann 
Elizabeth Middleton, Indian - 
ola; Nancy U"
2026-01-30 11:05:47,"As the 2026 T20 World Cup approaches, former India stalwart and World Cup-winner Suresh Raina has thrown his weight behind Sanju Samson, calling for the team management to show the same level of patience with the Kerala wicketkeeper-batter as they once did with captain Suryakumar Yadav. Despite Samson's recent lean patch -- averaging less than 20 since January 2025 -- Raina believes the wicket-keeper batter's ""class"" and ability to handle both pace and spin make him an indispensable asset for the defending champions.",1,0.5807,https://www.news18.com/cricket/no-sanju-samson-shubman-gill-suresh-raina-picks-indias-openers-for-2026-t20-world-cup-ws-l-9537444.html,"Not Samson Or Gill! Raina Picks India's Openers For 2026 T20 World Cup Last Updated: August 30, 2025, 09:26 IST The 2026 edition of the ICC Men's T20 World Cup will be played in the months of February and March across multiple venues in India and Sri Lanka. Suresh Raina picks India's openers for T20 World Cup 2025. (Picture Credit: PTI) The 2026 edition of the ICC Men’s T20 World Cup will be played in India and Sri Lanka in February and March next year. A total of 20 teams will take part in the shortest format mega-event, which was last played in June 2024 in the West Indies and the USA and won by the Rohit Sharma-led Indian men’s cricket team. The Indian team, which tops the ICC rankings as well, will be one of the favourites to lift the title for the record-extending third time next year. Ahead of the shortest format megaevent in the first quarter of 2026, former middle-order batter Suresh Raina, who was the first Indian to score a century in T20Is, was asked to pick his two opening batters for India in the T20 World Cup 2026. Yashasvi Jaiswal, Shubman Gill, Abhishek Sharma, Sanju Samson, Ruturaj Gaikwad and KL Rahul are the ones who are contenders for the role, but according to Raina, Jaiswal should be one, and the other could be one out of Abhishek Sharma and Priyansh Arya. Jaiswal has 723 runs to his credit in 23 T20Is played so far, whereas Abhishek, who also tops the ICC T20I batter’s ranking, has 535 runs to his name in 17 matches. On the other hand, Arya is yet to make his debut for India, but he impressed with his batting in IPL 2025 for Punjab Kings. “I think… mujhe lagta hai Yashasvi ek hai  (Yashasvi is one). They can also look for Priyansh Arya; Abhishek Sharma is there, and Sanju Samson is there. KL Rahul is also there. He has performed wherever he got a chance. Ruturaj Gaikwad has also scored many runs. But I would prefer Abhishek Sharma. Shubman Gill can be captain as well; you never know,"" Raina said on Shubhankar Mishra’s YouTube channel. “ Mujhe "
2026-01-30 11:05:47,"As the 2026 T20 World Cup approaches, former India stalwart and World Cup-winner Suresh Raina has thrown his weight behind Sanju Samson, calling for the team management to show the same level of patience with the Kerala wicketkeeper-batter as they once did with captain Suryakumar Yadav. Despite Samson's recent lean patch -- averaging less than 20 since January 2025 -- Raina believes the wicket-keeper batter's ""class"" and ability to handle both pace and spin make him an indispensable asset for the defending champions.",2,0.3278,https://sports.ndtv.com/t20-world-cup-2026/suresh-rainas-clear-stance-on-sanju-samsons-form-picks-indias-top-4-for-t20-world-cup-2026-10911682,"Access Denied 
 
You don't have permission to access ""http://sports.ndtv.com/t20-world-cup-2026/suresh-rainas-clear-stance-on-sanju-samsons-form-picks-indias-top-4-for-t20-world-cup-2026-10911682"" on this server. 
Reference #18.6fe854b8.1769751332.aa7ebc3
 https://errors.edgesuite.net/18.6fe854b8.1769751332.aa7ebc3"
2026-01-30 11:05:47,"As the 2026 T20 World Cup approaches, former India stalwart and World Cup-winner Suresh Raina has thrown his weight behind Sanju Samson, calling for the team management to show the same level of patience with the Kerala wicketkeeper-batter as they once did with captain Suryakumar Yadav. Despite Samson's recent lean patch -- averaging less than 20 since January 2025 -- Raina believes the wicket-keeper batter's ""class"" and ability to handle both pace and spin make him an indispensable asset for the defending champions.",3,0.3062,https://en.wikipedia.org/wiki/2026_Men's_T20_World_Cup_squads,"From Wikipedia, the free encyclopedia 
 
 
 
 The  2026 ICC Men's T20 World Cup  will be the tenth edition of the  ICC Men's T20 World Cup , a biennial  world cup  for  cricket  in  Twenty20 International  (T20I) format, organized by the  International Cricket Council  (ICC). It will be co-hosted by  Board of Control for Cricket in India  and  Sri Lanka Cricket  from 7 February to 8 March 2026. [ 1 ] [ 2 ]  A total of twenty teams will compete in 55 matches across five venues in India and three in Sri Lanka. [ 3 ]  Each team was allowed to have a squad of 15 players and was required submit the provisional squad to the ICC by 8 January 2026. The teams are allowed to make changes to their squads until 31 January 2026. [ 4 ] 
 Sri Lanka announced their preliminary squad on 19 December 2025. [ 5 ]  On 20 December 2025, India was the first team to announce its squad for the tournament. [ 6 ]  On 30 December 2025, England was the second team to announce its squad for the tournament.
 Players are listed in shirt number order and withdrawn players are placed at the bottom of the table followed by standby players. Given ages are as of 7 February 2026. Withdrawn/dropped players are struck through, and standby players are indicated by a dagger symbol (†). Domestic teams are the recent  T20 league  teams that the players belonged to before the T20 World Cup and are only listed for countries with available data.
 
 
 Squad announcement date : 12 January 2026 [ 13 ] 
 Coach :   Ryan Cook [ 14 ] 
 Squad announcement date : 2 January 2026 [ 32 ] 
 Coach :   Justin Sammons [ 33 ] 
 United Arab Emirates [ edit ] 
 Squad announcement date : TBA 
 
 
 
 ^   ""USA to stage T20 World Cup: 2024–2031 ICC Men's tournament hosts confirmed"" .  International Cricket Council . 16 November 2021.  Archived  from the original on 5 December 2021 . Retrieved  20 February  2025 . 
 
 ^   ""ICC Men's T20 World Cup 2026 schedule announced"" .  International  Cricket Council . Retrieved  25 November  2025 "
2026-01-30 11:05:47,"As the 2026 T20 World Cup approaches, former India stalwart and World Cup-winner Suresh Raina has thrown his weight behind Sanju Samson, calling for the team management to show the same level of patience with the Kerala wicketkeeper-batter as they once did with captain Suryakumar Yadav. Despite Samson's recent lean patch -- averaging less than 20 since January 2025 -- Raina believes the wicket-keeper batter's ""class"" and ability to handle both pace and spin make him an indispensable asset for the defending champions.",4,0.275,https://www.scribd.com/document/963178923/Free-Press-Journal-09-12-2025,"Poonam Apraj  
 
 MUMBAI  
 
 A 32-year-old law student, also  the founder of ChakaChak  Dadar, Chandrakant Krishna  Kamble, was brutally assaulted  late Sunday night in what he  alleged as a pre-planned  attack. The accused has been  identified as local resident  Deepak Dinesh Chougule.  According  to the com- pla int ,  Ka mbl e  resides with  his mother  Shakuntala,  60, and sister Kavita, 37, at  Senapati Bapat Road, Dadar  (W). Kamble said Chougule  is the nephew of another  resident in the same build- ing. A few months ago,  Chougule allegedly had a dis- pute with their mutual  friends while on a trip. On  returning to the building, the  argument continued.  Kamble, who was merely  standing nearby, was ver- bally abused and threatened  allegedly without provocation.  He had filed an online police  complaint at that time.  On December 7, around  10.30pm, Kamble visited a  friend’s photography studio in  Parel with two acquaintances.  They returned home at around  11.45pm. While Kamble was  heading home, Chougule alleg- edly emerged from building  No. 1 and pushed him towards  a duct area. Kamble managed  to escape, but the assault esca- lated. Chougule allegedly  pushed Kamble onto a motor- cycle and punched him on the  nose, asked his associates to  “bring a rod” and then  threatened “murder”. After  hearing Kamble’s cries, his  mother and friends rushed  and took him to Hinduja  Hospital. Doctors confirmed a  torn lower lip, a broken tooth,  and nasal fracture. Kamble  mentioned that residents pan- icked and shut their doors. He  further alleged that Chaugule  threatened him saying he  would “teach him a lesson” if  he ever approached the police.  Based on the complaint, the  police registered a case for  causing grievous injury and  issuing death threats.  
 
 mumbai 
 
 www.freepressjournal.in 
 
 Mumbai, Tuesday, December 9, 2025 
 
 www.budgetproperties.in 
 
 Ghatkopar 
 
   Shop at Vallabh Vihar chsl  Carpet area – 810 sq ft  Ground Floor  Property ID –"
2026-01-30 11:05:47,"As the 2026 T20 World Cup approaches, former India stalwart and World Cup-winner Suresh Raina has thrown his weight behind Sanju Samson, calling for the team management to show the same level of patience with the Kerala wicketkeeper-batter as they once did with captain Suryakumar Yadav. Despite Samson's recent lean patch -- averaging less than 20 since January 2025 -- Raina believes the wicket-keeper batter's ""class"" and ability to handle both pace and spin make him an indispensable asset for the defending champions.",5,0.2185,https://www.espncricinfo.com/series/icc-men-s-t20-world-cup-2025-26-1502138/india-squad-1516482/series-squads,"Access Denied 
 
You don't have permission to access ""http://www.espncricinfo.com/series/icc-men-s-t20-world-cup-2025-26-1502138/india-squad-1516482/series-squads"" on this server. 
Reference #18.a8952317.1769751346.7d73b50
 https://errors.edgesuite.net/18.a8952317.1769751346.7d73b50"
